cluster_id,inc
1,1614.374583959579
2,2777.343443751335
3,4704.263814210892
4,9247.223160624504
