lfstat,avg,std,rho
2,7.8616724,.78477055,.78119421
3,7.8169746,.9710694,.54176539
